cluster_id,cluster_global_name,global_description,hard_skills,soft_skills,nb_hard_skills,nb_soft_skills
0,General Job Title Not Provided,"Drives operational excellence by managing teams, processes, and resources to meet production, financial, or business growth targets while ensuring compliance with safety, quality, and governance standards.","inform on workplace safety standards; continuous improvement philosophies; report on production results; ensure equipment maintenance; check quality of products on the production line; initiate contact with sellers; promote health and safety; market analysis; develop revenue generation strategies; lean manufacturing; manage database; analyse production processes for improvement; enforce financial policies; procurement lifecycle; inspect quality of products; manage standard enterprise resource planning system; achieve sales targets; manage data, information and digital content; organise information, objects and resources; maintain a safe, hygienic and secure working environment; develop account strategy; create production schedules; manage schedule of tasks; record production data for quality control; carry out checks of production plant equipment; ensure compliance with disclosure criteria of accounting information; use accounting systems; schedule production; use databases; write production reports; think proactively to secure sales; align efforts towards business development; monitor manufacturing quality standards; optimise production; analyse market financial trends; assess the life cycle of resources; conduct routine machinery checks; analyse consumer buying trends; supervise staff; present arguments persuasively; manage a team; communicate with stakeholders; monitor the use of resources in production; engage with stakeholders; perform data analysis",work in teams; communicate professionally with colleagues in other fields; perform multiple tasks at the same time; provide self management support; cope with challenging demands; delegate responsibilities; meet expectations of target audience; attend to detail; build team spirit; motivate employees; manage relationships with stakeholders; show initiative; coordinate communication within a team; work in an organised manner; deal with challenging work conditions; build trust; build business relationships,45,17
1,Licensed Optician,"Assists customers with eyewear selection, prescription verification, and purchases while maintaining merchandise presentation, processing orders, and ensuring compliance with company policies and procedures.","apply certification and payment procedures; maintain store cleanliness; dispense corrective lenses; check information on prescriptions; operate cash register; record test data; handle fragile items; manage aftersales processes to comply with business standards; sell optical products; handle shipment paperwork; order optical supplies; comply with optical prescriptions; handle financial transactions; record data from biomedical tests; supervise merchandise displays; operate electronic payment terminals; handle contact lenses; operate optical measuring equipment; perform pre-treatment imaging; repair optical equipment; mentor individual employees; evaluate data, information and digital content; communicate with stakeholders; seek innovation in current practices; make decisions; provide mentorship; adhere to organisational code of ethics",work in teams; encourage teambuilding; follow company standards; abide by business ethical code of conducts; build team spirit; solve problems; coordinate communication within a team; provide customer guidance on product selection; direct customers to merchandise; create a work atmosphere of continuous improvement; provide membership service; assist customers; demonstrate willingness to learn; provide customer follow-up services,27,14
2,Advertising Sales Manager,"Drives advertising revenue growth by developing data-driven, full-funnel ad solutions and strategic sales partnerships, leveraging stakeholder engagement and consultative expertise to maximize client adoption and business outcomes.","give live presentation; maximise sales revenues; assist in developing marketing campaigns; carry out sales analysis; deliver a sales pitch; evaluate performance of organisational collaborators; business analytics; make strategic business decisions; problem-solving with digital tools; consult with business clients; manage revenue; provide mentorship; achieve sales targets; think analytically; forecast economic trends; maintain relationship with suppliers; develop account strategy; supplier management; manage several projects; implement sales strategies; implement operational business plans; coordinate advertising campaigns; align efforts towards business development; evaluate data, information and digital content; analyse market financial trends; interpret financial statements; provide training on quality management supervision; present arguments persuasively; identify customer requirements; mentor individual employees; lead a team; ensure compliance with policies; adhere to organisational code of ethics","empower individuals, families and groups; communicate professionally with colleagues in other fields; negotiate compromises; demonstrate trustworthiness; develop contingency plans for emergencies; resolve conflicts; negotiate sales contracts; apply conflict management; maintain relationship with customers; supervise sales activities; adapt to changing situations; develop staff; manage relationships with stakeholders; coordinate communication within a team; ensure client orientation; cooperate with colleagues; gather feedback from employees; negotiate with stakeholders; demonstrate willingness to learn; motivate staff to reach sales targets; build business relationships",33,21
3,Supermarket Refrigeration HVAC Technician,"Maintains and repairs commercial refrigeration/HVAC systems in retail settings, ensuring compliance with safety and environmental regulations while documenting work via digital systems.","inspect machinery; work safely with chemicals; obtain relevant licenses; repair heating equipment; apply health and safety standards; ensure compliance with environmental legislation; inspect industrial equipment; manage maintenance operations; handle refrigerant transfer pumps; repair ventilation equipment; work with chemicals; write records for repairs; ensure compliance with safety legislation; heating, ventilation, air conditioning and refrigeration parts; undertake inspections",respond to emergency calls for repairs; follow safety procedures when working at heights; lift heavy weights; apply various lifting techniques; manage emergency procedures,15,5
4,Manufacturing Operations Specialist,"Oversees daily operations in food processing or manufacturing plants, managing staff, equipment, and freight flow to meet production targets while enforcing safety, quality, and compliance standards.","operate warehouse record systems; operate lifting equipment; continuous improvement philosophies; report on production results; warehouse operations; pallet loading; keep written records of cargo; inspect freight; ensure equipment maintenance; check quality of products on the production line; ensure health and safety in manufacturing; ensure refrigeration of food in the supply chain; maintain system logs; promote health and safety; lean manufacturing; operate warehouse materials; analyse production processes for improvement; keep records of merchandise delivery; inspect quality of products; use a warehouse management system; ensure compliance with shipment regulations; maintain a safe, hygienic and secure working environment; oversee production requirements; maintain logbooks; resolve equipment malfunctions; stack empty pallets; create production schedules; manage schedule of tasks; record production data for quality control; carry out checks of production plant equipment; monitor merchandise delivery; use barcode scanning equipment; operate material handling equipment; schedule production; write production reports; perform warehousing operations; handle scanning material safely; monitor manufacturing quality standards; optimise production; monitor the use of resources in production; perform loading and unloading operations; manage transport of goods from warehouse facilities; supervise staff; communicate test results to other departments; mentor individual employees; analyse supply chain trends; manage a team; communicate with stakeholders; provide improvement strategies; ensure ongoing compliance with regulations; provide mentorship; adhere to organisational code of ethics; meet deadlines; perform data analysis",encourage teambuilding; enhance production workflow; accept criticism and guidance; communicate professionally with colleagues in other fields; communicate performance aspects; delegate responsibilities; abide by business ethical code of conducts; communicate with customers; adapt to changing situations; motivate employees; coordinate communication within a team; cooperate with colleagues; deal with challenging work conditions; adapt to change; liaise with managers; work efficiently; establish daily priorities,54,17
5,General Facilities Maintenance Technician,"Performs routine maintenance, inspections, and repairs on retail facilities and equipment to ensure safety, functionality, and compliance with schedules; may train staff on equipment care.",repair equipment on site; maintain records of maintenance interventions; use word processing software; driver's license structure; write records for repairs; inspect facility sites; ensure equipment maintenance; obtain relevant licenses; use presentation software; use spreadsheets software; perform maintenance on installed equipment; schedule regular machine maintenance; use tools for construction and repair; inspect machinery; manage maintenance operations; operate material handling equipment; inspect industrial equipment; plan maintenance activities; develop preventive maintenance procedures for instruments; perform minor repairs to equipment,meet commitments; respond to emergency calls for repairs; work in teams; encourage teambuilding; adapt to change; provide high quality customer service; accept own accountability; tolerate sitting for long periods; communicate with customers; maintain customer service; build team spirit; manage emergency procedures; adapt to changing situations; cope with challenging demands; manage time,20,15
6,Automotive Service Technician,"Deliver safe, efficient sales and maintenance services by collaborating with team members, leveraging automotive expertise and digital tools to ensure customer satisfaction and operational compliance.","inform on workplace safety standards; demonstrate motivation for sales; use equipment, tools or technology with precision; monitor equipment condition; operate cash register; use ICT resources to solve work related tasks; ensure compliance with safety legislation; handle financial transactions; sales activities; adhere to standards of national and international safety programmes; ensure compliance with company regulations; sales promotion techniques; operation of transport equipment; process payments; use IT systems for commercial purposes; carry out inventory control accuracy; match goods with appropriate packaging according to security procedures; ensure ongoing compliance with regulations; ensure correct goods labelling; create solutions to problems; mentor individual employees; provide improvement strategies; identify process improvements; identify customer requirements; organise information, objects and resources; meet deadlines",accept criticism and guidance; adapt to new technology used in cars; motivate others; represent the company; provide high quality customer service; communicate with customers; solve problems; teach customer service techniques; develop solutions to information issues; coordinate communication within a team; cooperate with colleagues; adapt to change; identify clients' needs; establish daily priorities; support service users in developing skills; provide customer follow-up services; mentor individuals; identify customer's needs,26,18
7,Finance Director,"Drives financial planning, forecasting, and performance analysis to align corporate goals with strategic business targets, supporting cross-functional teams in budgeting, risk mitigation, and payer negotiations.",ensure cross-department cooperation; identify with the company's goals; financial analysis; perform business analysis; communicate analytical insights; perform balance sheet operations; perform financial risk management in international trade; synthesise financial information; perform risk analysis; analyse financial performance of a company; manage several projects; supervise accounting operations; develop financial statistics reports; ensure information transparency; ensure compliance with disclosure criteria of accounting information; ensure compliance with accounting conventions; provide support in financial calculation; analyse financial risk; create a financial plan; evaluate budgets; negotiate terms with suppliers; create a financial report; develop business plans; financial forecasting; continuous improvement philosophies; lead a team; align efforts towards business development; communicate with stakeholders,encourage teambuilding; adjust priorities; communicate professionally with colleagues in other fields; communicate with a non-scientific audience; build team spirit; adapt to changing situations; manage relationships with stakeholders; cope with uncertainty; communicate problems to senior colleagues; keep an open mind; apply change management; deal with challenging people; apply technical communication skills; interact with the board of directors; adapt to change; apply strategic thinking; keep up with digital transformation of industrial processes; build business relationships,28,18
8,Pharmacy Technician,"Supports retail pharmacy operations by processing prescriptions, managing inventory, and delivering customer service while ensuring compliance with company policies and ethical standards.","operate cash register; ensure the appropriate supply in pharmacy; handle financial transactions; maintain pharmacy records; monitor merchandise delivery; keep records of merchandise delivery; process customer orders; handle the logistics of medicinal products; ensure compliance with policies; take pharmaceutical inventory; apply company policies; operate electronic payment terminals; maintain records of clients' prescriptions; adhere to organisational code of ethics; maintain pharmaceutical records; handle shipment paperwork; handle paperwork; mentor individual employees; use ICT resources to solve work related tasks; make data-driven decisions; provide improvement strategies; ensure compliance with company regulations; provide mentorship; organise information, objects and resources",manage medium term objectives; work in teams; encourage teambuilding; accept criticism and guidance; follow company standards; abide by business ethical code of conducts; communicate with customers; build team spirit; adapt to changing situations; manage relationships with stakeholders; coordinate communication within a team; provide customer guidance on product selection; create a work atmosphere of continuous improvement; provide membership service; plan medium to long term objectives; show determination; cooperate with colleagues; contribute to practice innovation in health care; demonstrate curiosity; build rapport with people from different cultural backgrounds; demonstrate willingness to learn; adapt to change; liaise with managers; demonstrate intercultural competence; respect the diversity of cultural values and norms; identify customer's needs,24,26
9,Certified Pharmacy Technician,"Processes high-volume prescriptions for retail pharmacies using automated systems, ensuring accuracy, compliance, and inventory management while maintaining customer service standards and operational efficiency.","ensure the appropriate supply in pharmacy; maintain pharmacy records; process customer orders; prepare doses of medication according to patient needs; take pharmaceutical inventory; maintain records of clients' prescriptions; maintain stock control systems; maintain pharmaceutical records; check information on prescriptions; participate in medical inventory control; operate cash register; safe management of medicines; keep records of merchandise delivery; manage claims process; process medical insurance claims; write routine reports; handle paperwork; handle financial transactions; have computer literacy; prepare prescription labels; operate electronic payment terminals; health and safety regulations; perform records management; process payments; carry out inventory control accuracy; react to events in time-critical environments; mentor individual employees; use ICT resources to solve work related tasks; provide mentorship; apply company policies; organise information, objects and resources",work in teams; encourage teambuilding; customer service; accept criticism and guidance; perform multiple tasks at the same time; follow company standards; abide by business ethical code of conducts; attend to detail; handle stressful situations in the work place; communicate with customers; build team spirit; adapt to changing situations; coordinate communication within a team; provide customer guidance on product selection; provide membership service; cooperate with colleagues; adapt to change; identify customer's needs,31,18
10,Pharmacist,"Provides pharmaceutical care, patient counseling, and immunization services in a community pharmacy, ensuring compliance with regulations and leveraging technology to deliver quality healthcare and promote community health initiatives.",provide pharmaceutical advice; advocate for healthcare users' needs; comply with legislation related to health care; ensure compliance with company regulations; dispense medicines; prepare doses of medication according to patient needs; assist with vaccination procedures; manage the use of vaccines; comply with quality standards related to healthcare practice; adhere to organisational guidelines; ensure compliance with policies; maintain records of clients' prescriptions; counsel healthcare users on medicines; ensure ongoing compliance with regulations; provide specialist pharmaceutical care,participate actively in civic life; establish customer rapport; provide customer guidance on product selection; interact with healthcare users; communicate with customers; maintain relationship with customers; provide care for a particular patient group; empathise with the healthcare user; teach customer service techniques; integrate community outreach; respond to changing situations in health care,15,11
11,Pharmacy Manager,"Leads pharmacy operations, ensuring patient care, regulatory compliance, and team development while driving community health initiatives and strategic merchandise management.",forecast sales over periods of time; provide medication information; process customer orders; check price accuracy on the shelf; analyse data about clients; ensure compliance with policies; analyse large-scale data in healthcare; ensure correct goods labelling; analyse data for policy decisions in trade; comply with legal regulations; handle financial overviews of the store; provide specialist pharmaceutical care; perform business analysis; keep records on sales; make strategic business decisions; dispense medicines; prepare medication from prescription; maintain safety systems; perform data analysis; manage health and safety standards; carry out preventative internal medicine interventions; analyse financial performance of a company; ensure compliance with company regulations; supervise merchandise displays; manage the use of vaccines; ensure curriculum adherence; make data-driven decisions; carry out inventory control accuracy; participate in health personnel training; assist with vaccination procedures; make decisions; ensure compliance with safety legislation; evaluate performance of organisational collaborators; ensure the appropriate supply in pharmacy; safe management of medicines; communicate with stakeholders; provide feedback on job performance; adhere to organisational guidelines; provide mentorship; ensure ongoing compliance with regulations; adhere to organisational code of ethics; collaborate through digital technologies,"empower individuals, families and groups; reinforce positive behaviour; recruit employees; build community relations; follow company standards; recruit personnel; abide by business ethical code of conducts; teach customer service techniques; provide customer guidance on product selection; create a work atmosphere of continuous improvement; provide learning support; supervise the management of an establishment; interact with healthcare users; multi-professional cooperation in health care; contribute to practice innovation in health care; demonstrate curiosity; empathise with the healthcare user; build trust; guarantee customer satisfaction; manage employee complaints; work within communities; satisfy customers; build business relationships; manage customer service; integrate community outreach",42,25
12,Cloud Infrastructure Engineer,"Leads multi-cloud migration, modernization, and governance, ensuring scalable, secure, and cost-optimized platforms (AWS/GCP/Azure) through automation, FinOps, and security best practices.",create designs for pipeline engineering; develop automated migration methods; perform account allocation; provide technical documentation; deploy ICT systems; implement cloud security and compliance; develop with cloud services; monitor system performance; design enterprise architecture; optimise financial performance; automate cloud tasks; develop ICT workflow; maintain professional records; plan migration to cloud; ensure proper document management; develop automated software tests; cloud security and compliance; apply digital security measures; tools for ICT test automation; perform ICT troubleshooting; deploy cloud resource; cost management; provide support in financial calculation; design cloud architecture; Jenkins (tools for software configuration management); assess operating cost; prepare cost-plus pricing models; cloud monitoring and reporting; create solutions to problems; provide technical expertise; continuous improvement philosophies; coordinate engineering teams; communicate with stakeholders; manage several projects; discern written communication; engage with stakeholders; provide mentorship; supervise work on design planning,share good practices across subsidiaries; develop strategy to solve problems; attend to detail; manage relationships with stakeholders; assertiveness; create a work atmosphere of continuous improvement; communicate verbal instructions; communication; apply technical communication skills; think proactively; have emotional intelligence,38,11
13,Audit Professional,"Leads audit projects to assess financial, compliance, operational, or IT risks, driving process improvements through automation and data analysis while collaborating with stakeholders to deliver actionable insights and ensure sustainable risk mitigation.","create flowchart diagram; carry out environmental audits; provide feedback on job performance; analyse large-scale data in healthcare; create data sets; write inspection reports; audit techniques; meet deadlines; develop audit plan; communicate test results to other departments; manage project information; perform internal investigations; prepare audit activities; data extraction, transformation and loading tools; utilise computer-aided software engineering tools; prepare financial auditing reports; perform data analysis; liaise with auditors; communicate schedules to the people concerned; conduct financial audits; evaluate interview reports; develop automated software tests; use query languages; manage corrective actions; use databases; perform quality audits; evaluate data, information and digital content; use data processing techniques; deliver visual presentation of data; communicate with stakeholders; make data-driven decisions; seek innovation in current practices; engage with stakeholders; adhere to organisational code of ethics; present arguments persuasively",write storylines; abide by business ethical code of conducts; assist with litigation matters; work in an international environment; work in a multicultural environment in health care; provide advice on breaches of regulation; stimulate creativity in the team,35,7
14,Staff Data Scientist,"Develops and deploys scalable AI/ML solutions—including predictive models, LLM-powered interfaces, and agentic analytics—to enhance risk decisioning, productivity, and operational efficiency in high-impact business environments.","develop automated migration methods; conduct quality control analysis; manage key performance indicators of call centres; natural language processing; guide learners in using assistive technologies; deploy ICT systems; data engineering; ensure regulatory compliance in pipeline infrastructures; machine learning; operate open source software; e-commerce systems; design application interfaces; design automation components; validate biomedical analysis results; manage information sources; create data models; communicate analytical insights; ICT accessibility standards; deep learning; operate automated process control; engage with stakeholders; provide mentorship; statistical modeling techniques; interact with users to gather requirements; develop ICT workflow; mentor individual employees; utilise machine learning; assess reliability of data; artificial neural networks; perform risk analysis; data science; use query languages; manage workflow processes; monitor billing procedures; design user interface; implement data quality processes; build predictive models; integrate ICT data; use software libraries; provide input to collaborators to guide their work; align software with system architectures; ML (computer programming); analyse the credit history of potential customers; use databases; evaluate data, information and digital content; identify new business opportunities; apply statistical analysis techniques; communicate with stakeholders; manage project metrics; use data processing techniques; make data-driven decisions; track key performance indicators; apply basic programming skills; test system accessibility for users with special needs; SQL Server; apply research ethics and scientific integrity principles in research activities; define data quality criteria; provide technical expertise; design customer experiences; seek innovation in current practices; carry out strategic research; ensure cross-department cooperation; react to events in time-critical environments; data quality assessment; manage several projects; collaborate with engineers",consult with stakeholders on implementation of a production; critically evaluate information and its sources; assume responsibility; develop design ideas cooperatively; communicate professionally with colleagues in other fields; communicate performance aspects; develop product design; accept own accountability; listen actively; make independent operating decisions; handle tasks independently; cope with uncertainty; address problems critically; apply technical communication skills; think proactively; work independently; show professional responsibility; develop software prototype; manage feedback; synthesise information,66,20
15,Principal Software Engineer,"Drives architecture and development of AI/automation platforms (Zero-Touch Networking, GenAI) to solve global-scale challenges, optimizing infrastructure, supply chain decisions, and operational efficiency for large-scale enterprise environments.",provide technical expertise; service-oriented modelling; web services; implement cloud security and compliance; promote innovative infrastructure design; network engineering; design automation components; develop with cloud services; use scripting programming; systems development life-cycle; define software architecture; perform data analysis; DevOps; detect flaws in pipeline infrastructure; analyse network bandwidth requirements; integrate system components; align software with system architectures; build networks; analyse network configuration and performance; design cloud architecture; manage ICT virtualisation environments; use IT systems for commercial purposes; apply basic programming skills; cloud technologies; oversee development of software; use object-oriented programming; create solutions to problems; mentor individual employees; think analytically; lead a team; coordinate engineering teams; communicate with stakeholders; make data-driven decisions; ensure cross-department cooperation; collaborate with engineers; engage with stakeholders; provide mentorship,critically evaluate information and its sources; solve technical problems; coordinate communication within a team; manage engineering project; consider building constraints in architectural designs; apply technical communication skills; propose ICT solutions to business problems,37,7
16,Senior Data Professional,"Develops scalable data pipelines, transforms complex datasets into actionable insights, and builds data-driven solutions to optimize business decisions, fraud detection, and customer engagement in a fast-paced enterprise environment.","create designs for pipeline engineering; provide technical expertise; data analytics; design customer experiences; provide guidelines for content development; design ICT data architecture; data engineering; machine learning; data protection; carry out strategic research; report test findings; operate open source software; data models; develop with cloud services; create solutions to problems; design database in the cloud; communicate test results to other departments; business analytics; develop strategies for accessibility; create data models; data extraction, transformation and loading tools; draw conclusions from market research results; fraud detection; ICT accessibility standards; analyse customer service surveys; develop ICT workflow; perform data analysis; DevOps; utilise machine learning; data science; use query languages; cloud security and compliance; data quality assessment; manage workflow processes; business intelligence; analyse big data; collaborate with engineers; implement data quality processes; build predictive models; use software libraries; analyse business processes; translate requirement concepts into content; develop information standards; interpret business information; use databases; perform quality audits; implement data warehousing techniques; distributed computing; apply statistical analysis techniques; apply basic programming skills; analyse business requirements; cloud technologies; do cloud refactoring; deliver visual presentation of data; make data-driven decisions; communicate analytical insights; engage with stakeholders",communicate professionally with colleagues in other fields; develop strategy to solve problems; perform technically demanding tasks; cooperate with professionals; communicate with a non-scientific audience; accept own accountability; handle stressful situations in the work place; manage relationships with stakeholders; cooperate with colleagues; deal with challenging work conditions; develop investigation strategy; implement scientific decision making in healthcare; participatory decision-making,57,13
17,Senior Manager Data Science and Engineering,"Leads the transformation of large-scale data ecosystems into semantic layers to enable autonomous AI reasoning, bridging data engineering with AI/ML to drive agentic decision-making and enterprise-scale AI innovation.","knowledge base; design database scheme; lead a team; identify key processes of traceability systems; data engineering; machine learning; operate open source software; supervise work on design planning; data models; design database in the cloud; business analytics; manage a team; create data models; data extraction, transformation and loading tools; deep learning; automate cloud tasks; manage cloud data and storage; manage ICT data architecture; react to events in time-critical environments; SQL; utilise machine learning; create semantic trees; data science; use query languages; coordinate engineering teams; computer science; unified modelling language; data storage; manage workflow processes; manage prompt book; define organisational standards; computer engineering; distributed computing; evaluate data, information and digital content; Python (computer programming); manage ICT semantic integration; use object-oriented programming; database development tools; provide technical expertise; analyse supply chain trends; align efforts towards business development; translate requirement concepts into content; communicate with stakeholders; ensure cross-department cooperation; collaborate with engineers; align software with system architectures",analyse relation between supply chain improvement and profit; migrate existing data; perform product planning; plan medium to long term objectives; demonstrate curiosity; manage findable accessible interoperable and reusable data; apply technical communication skills; analyse supply chain strategies; show entrepreneurial spirit,46,9
18,Overnight Merchandising Lead,"Supervises overnight retail merchandising, including sales floor upkeep, team leadership, and policy compliance while driving customer service, inventory accuracy, and operational efficiency.",supervise food quality; oversee stock quality control; meet picking standards; operate forklift; maintain store cleanliness; keep records of merchandise delivery; supervise merchandise displays; provide training on quality management supervision; monitor proper product handling; supervise waste disposal; oversee logistics of finished products; follow procedures to control substances hazardous to health; supervise staff; monitor merchandise delivery; mentor individual employees; lead a team; communicate with stakeholders; ensure compliance with company regulations; ensure compliance with policies; provide mentorship; apply company policies; implement operational business plans,work in teams; coordinate communication within a team; encourage teambuilding; advise others; provide customer guidance on product selection; provide membership service; support service users to use technological aids; improve business processes; adapt to changing situations; lead others,22,10
19,Manager Data Stewardship,"Oversees financial reporting integrity by enforcing governance standards, managing master data lifecycle, and serving as a stakeholder liaison to enhance operational efficiency and mitigate risks.","use accounting systems; use databases; manage project changes; manage database; enforce financial policies; assess the life cycle of resources; manage standard enterprise resource planning system; manage cloud data and storage; manage financial and material resources; execute opening and closing procedures; ensure compliance with accounting conventions; organise information, objects and resources; maintain records of financial transactions; present arguments persuasively; communicate with stakeholders; engage with stakeholders; manage data, information and digital content",manage relationships with stakeholders; attend to detail; work in an organised manner,17,3
20,Principal Data Engineer,"Architects and evolves enterprise-scale data platforms to enable AI agents, copilots, and large-scale analytics, ensuring reliability and semantic clarity while setting technical standards for autonomous decision-making systems.","provide technical expertise; maintain database performance; seek innovation in current practices; data engineering; develop with cloud services; design database in the cloud; use software design patterns; create data models; design enterprise architecture; manage ICT data architecture; create semantic trees; data quality assessment; lead technology development of an organisation; deploy cloud resource; align software with system architectures; Java (computer programming); perform quality audits; evaluate data, information and digital content; Python (computer programming); manage ICT semantic integration; manage changes in ICT system; SQL Server; define data quality criteria; mentor individual employees; communicate with stakeholders; communicate analytical insights; engage with stakeholders; provide mentorship; provide input to collaborators to guide their work",examine engineering principles; negotiate with stakeholders; coordinate technical standards for global interoperability; business communication; apply technical communication skills,29,5
21,Senior Data Analyst Last Mile Delivery,"Analyzes real-time and historical delivery metrics to develop dashboards, support decision-making, and collaborate with stakeholders to optimize last-mile delivery performance through data-driven strategies.",use databases; deliver visual presentation of data; analyse supply chain trends; use query languages; carry out statistical forecasts; create data models; communicate with stakeholders; communicate analytical insights; business intelligence; analyse big data; build predictive models; analyse business requirements; perform data analysis; react to events in time-critical environments; think analytically; make data-driven decisions; ensure cross-department cooperation; engage with stakeholders,evaluate data; communicate with a non-scientific audience; collaborate in company's daily operations; communicate professionally with colleagues in other fields; deal with pressure from unexpected circumstances; adapt to changing situations; cope with challenging demands,18,7
22,Senior Data Analyst Market Research,"Deliver high-quality survey analytics for client projects, ensuring data integrity and methodological rigor while translating complex findings into actionable business insights.",data analytics; set quality assurance objectives; deliver visual presentation of data; process collected survey data; SAS language; apply statistical analysis techniques; define quality standards; communicate analytical insights; draw conclusions from market research results; design questionnaires; surveying methods; survey techniques; deliver business research proposals; research design; prepare visual data; define data quality criteria; create solutions to problems; give live presentation; think analytically,make independent operating decisions; use consulting techniques; conduct public surveys; cope with uncertainty; conduct quantitative research; adapt to changing situations; quantitative analysis,19,7
23,Director Tax Operations,"Leads global tax, earnings, and compliance operations for independent contractors, optimizing processes at the intersection of finance, technology, and the gig economy.",perform contract compliance audits; identify processes for re-engineering; continuous improvement philosophies; educate on data confidentiality; disseminate information on tax legislation; identify process improvements; operate automated process control; perform contract reporting and evaluation; comply with regulations related to export in different countries; manage contracts; communicate with stakeholders; engage with stakeholders,manage relationships with stakeholders; build community relations; develop staff,12,3
24,Senior Manager Finance,"Drives eCommerce fulfillment strategy by delivering data-driven financial insights, aligning cross-functional planning with executive goals to optimize business decisions.",deliver visual presentation of data; synthesise financial information; advise on market strategies; apply risk management processes; problem-solving with digital tools; develop business case; use microsoft office; visual presentation techniques; e-commerce systems; build predictive models; develop visual elements; collaborate through digital technologies; creatively use digital technologies; perform data analysis; make strategic business decisions; perform project management,manage relationships with stakeholders; attend to detail; provide cost benefit analysis reports; consider economic criteria in decision making; build business relationships; maintain work standards,16,6
25,Vision Center Manager,"Leads a retail vision center team, ensuring sales, customer service, and operational compliance while delivering quality eyewear and upholding company policies and ethical standards.","perform frames' repairs; evaluate data, information and digital content; make data-driven decisions; ensure compliance with company regulations; supervise merchandise displays; carry out inventory control accuracy; handle financial overviews of the store; maintain optical equipment; ensure price competitiveness; ensure compliance with safety legislation; check information on prescriptions; perform data analysis; provide training on quality management supervision; communicate with stakeholders; provide mentorship; adhere to organisational code of ethics",build community relations; follow company standards; demonstrate trustworthiness; abide by business ethical code of conducts; show impartiality; build business relationships; perform customer management; create a work atmosphere of continuous improvement; stimulate creativity in the team; demonstrate curiosity; gather feedback from employees; build trust; demonstrate willingness to learn; manage employee complaints; work within communities; promote the transfer of knowledge; handle customer complaints; ensure client orientation; integrate community outreach,16,19
26,Exterior Services Technician and DOT Operator,"Maintain and enhance outdoor spaces through landscaping and grounds upkeep, ensuring compliance with safety and regulatory standards while collaborating with a team.",driving examinations; obtain relevant licenses; make decisions regarding landscaping; use specialised equipment; operate specialised equipment in emergency; maintain work area cleanliness; apply sustainable tillage techniques; ensure compliance with environmental legislation; discern written communication; ensure ongoing compliance with regulations; operate material handling equipment; comply with regulations; perform ground maintenance activities; implement landscaping projects,work in a landscape team; manage ground maintenance; maintain turf and grass,14,3
27,Maintenance Operations Manager Ecommerce Logistics,"Oversee warehouse maintenance operations, ensuring regulatory compliance, optimizing equipment performance, and leading teams to drive operational improvements and uphold facility standards.",monitor financial accounts; warehouse operations; provide feedback on job performance; ensure equipment maintenance; evaluate performance of organisational collaborators; control of expenses; manage a team; maintain physical condition of warehouse; ensure compliance with environmental legislation; perform maintenance on installed equipment; collect financial data; perform data analysis; manage health and safety standards; maintain industrial equipment; communicate health and safety measures; operate material handling equipment; exert expenditure control; maintain mechanical equipment; ensure ongoing compliance with regulations; assess operating cost; ensure compliance with safety legislation; lead a team; manage corrective actions; engage with stakeholders; provide mentorship,manage relationships with stakeholders; create a work atmosphere of continuous improvement; demonstrate willingness to learn; identify clients' needs; coach employees; support managers; promote the transfer of knowledge; maintain relationship with customers; identify customer's needs; develop a coaching style,25,10
28,Manager Business Development,"Drives eCommerce growth by recruiting high-value sellers, designing acquisition strategies, and managing the full business development lifecycle from sourcing to onboarding.",market analysis; develop revenue generation strategies; think proactively to secure sales; advise on market strategies; align efforts towards business development; develop account strategy; analyse market financial trends; identify potential markets for companies; manage sales channels; initiate contact with sellers; achieve sales targets; communicate with stakeholders; engage with stakeholders,manage relationships with stakeholders; meet expectations of target audience; work in teams; build trust; encourage teambuilding; build business relationships; handle stressful situations in the work place; perform multiple tasks at the same time; build team spirit; provide self management support; cope with challenging demands; show initiative,13,12
29,Senior Marketing Manager Lifecycle Marketing,"Develops and executes lifecycle marketing strategies to drive advertiser growth, leveraging customer insights, performance analysis, and cross-functional collaboration to optimize advertiser journeys and business outcomes.","product life-cycle; use analytics for commercial purposes; execute marketing plan; use customer relationship management software; customer insight; communicate analytical insights; evaluate advertising campaign; analyse data about clients; track key performance indicators; utilise decision support system; analyse consumer buying trends; collaborate in the development of marketing strategies; perform data analysis; align efforts towards business development; evaluate data, information and digital content; present arguments persuasively",critically evaluate information and its sources; apply strategic thinking; cope with uncertainty; communicate problems to senior colleagues; communicate clearly with passengers,16,5
30,Fleet Development Facilitator,"Supports driver training programs by co-facilitating sessions, auditing compliance, developing content, and driving process improvements to ensure alignment with company standards and regional training center goals.",train employees; provide guidelines for content development; driver's license structure; obtain relevant licenses; participate as observer in different types of audits in the food sector; participate in training sessions; deliver online training; provide feedback to teachers; comply with schedule; evaluate training; content development processes; work with virtual learning environments; conduct content quality assurance; hazardous materials transportation; manage content development projects; provide ICT system training; monitor the use of resources in production; prepare audit schemes for ships; ensure ongoing compliance with regulations; integrate principles of training; mentor individual employees; provide feedback on job performance; provide training on quality management supervision; ensure compliance with policies; engage with stakeholders; provide mentorship; adhere to organisational code of ethics,manage relationships with stakeholders; motivate others; abide by business ethical code of conducts; build trust; motivate supporters; create a work atmosphere of continuous improvement; establish collaborative relations; stimulate creativity in the team; build business relationships; demonstrate curiosity; give constructive feedback,27,11
31,Power Equipment Operator,"Operate power equipment to manage warehouse logistics, maintain freight flow, and ensure quality control while adhering to safety and compliance standards.",operate warehouse materials; manage cargo handling; monitor packaging operations; warehouse operations; ensure quality control in packaging; stack empty pallets; oversee power equipment operation; inspect freight; ensure equipment maintenance; perform minor repairs to equipment; carry out checks of production plant equipment; operate material handling equipment,corporate social responsibility; corporate sustainability; abide by business ethical code of conducts; demonstrate willingness to learn; communicate verbal instructions; establish collaborative relations; communicate with customers; cooperate with colleagues; build business relationships; demonstrate curiosity,12,10
32,Principal Technical Program Manager,"Leads cross-functional software projects using AI, big data, and real-time analytics to innovate supply chain and customer experience solutions in dynamic environments.",use software design patterns; manage project information; manage project metrics; perform project management; manage several projects; Agile project management; advise on architectural matters; oversee development of software; align software with system architectures; design application interfaces; develop design concept; create solutions to problems; apply risk management processes,manage relationships with stakeholders; develop management plans; address an audience; build business relationships; interact with an audience; establish collaborative relations; establish daily priorities; apply change management; develop strategy to solve problems; implement strategic planning,13,10
33,Principal Incident Response Engineer,"Conducts simulated cyberattacks to identify vulnerabilities in infrastructure, develops offensive security tools, and collaborates with defense teams to strengthen Walmart’s security posture through research-driven red teaming campaigns.",develop code exploits; implement anti-virus software; investigate security issues; execute social engineering tests; use scripting programming,relate empathetically; demonstrate willingness to learn; adapt to change; communicate professionally with colleagues in other fields; adapt to changing situations; show empathy,5,6
34,Dynamic Defense Engineer,"Detects and neutralizes cyber threats through intelligence-driven strategies, collaborating with Security Operations, Response, and Information Security teams to strengthen enterprise security posture.",verify feasibility; identify suspicious behaviour; develop information security strategy; cyber attack counter-measures; apply digital security measures; ICT accessibility standards; provide improvement strategies; guide learners in using assistive technologies; test system accessibility for users with special needs; conduct threat intelligence; ensure cross-department cooperation; provide mentorship; develop strategies for accessibility,facilitate teamwork between students; encourage teambuilding; ensure infrastructure accessibility; promote inclusion,13,4
